,,0
Meal,0,Breakfast
Meal,1,Lunch
Meal,2,Snacks
Meal,3,Dinner
Item1,0,CORNFLAKES
Item1,1,"GREEN SALAD,MASALA LACCHA ONION"
Item1,2,CHILLI GARLIC POPCORN (V)
Item1,3,"GREEN SALAD , BEETROOT SEASME SALAD"
Item1,4,MUESLI
Item1,5,"GREEN SALAD,SHARBAT"
Item1,6,VEG BURGER (D)
Item1,7,"GREEN SALAD, MASALA LACCHA ONION"
Item1,8,CHOCOS
Item1,9,"GREEN SALAD, LACCHA ONION"
Item1,10,FRUIT CAKE (D)
Item1,11,"GREEN SALAD, AMERICAN CORN SALAD"
Item1,12,"GREEN SALAD, NIMBU PANI"
Item1,13,VEG NUGGETS
Item1,14,"GREEN SALAD, ALOO KI CHAT"
Item1,15,"GREEN SALAD, LACCHA ONION SALAD"
Item1,16,DAHI BHALLA (D)
Item1,17,"GREEN SALAD,BEETROOT&CARROT SALAD"
Item1,18,"GREEN SALAD,AAM PANNA"
Item1,19,MASALA CORN
Item1,20,"GREEN SALAD, SIRKA ONION"
Item1,21,"GREEN SALAD, THANDA JALJERRA"
Item1,22,BHEL PURI
Item1,23,"GREEN SALAD, PACHARI SALAD (D&P)"
Item1,24,"GREEN SALAD,LEMON WATER"
Item1,25,MINT SANDWICH ( D)
Item1,26,"GREEN SALAD , THREE BEAN SALAD"
Item1,27,BHEL PURI (V)
Item1,28,"GREEN SALAD, ALOO PEANUT CHAT"
Item1,29,"KACHUMBER SALAD, LACCHA ONION"
Item1,30,PAPDI CHAAT (D)
Item1,31,"GREEN SALAD,CARROT & BEETROOT SALAD"
Item1,32,SAMOSA
Item1,33,"GREEN SALAD, CHANA CHAT SALAD"
Item1,34,VEG CLUB SANDWICH (D)
Item1,35,FRIES (V)
Item1,36,THAI PAPAYA SALAD (P)
Item1,37,"GREEN SALAD, MASALA LACHHA ONION"
Item1,38,MASALA CORN (V)
Item1,39,"GREEN SALAD, ALOO PEANUT CHAT(P)"
Item1,40,MARBLE CAKE
Item1,41,"GREEN SALAD, KACHUMBER SALAD"
Item1,42,"GREEN SALAD,LACCHA ONION"
Item1,43,"GREEN SALAD, BEETROOT CARROT SALAD"
Item1,44,MIX PAKODA (V)
Item1,45,"GREEN SALAD,RUSIAN SALAD"
Item1,46,VEG PUFF
Item1,47,CARROT CAKE (D)
Item1,48,VEG PUFF (D)
Item1,49,"GREEN SALAD,  KACHUMBER SALAD"
Item1,50,"GREEN SALAD, MEXICAN SALAD"
Item1,51,"GREEN SALAD, ALOO  PEANUT CHAT(P)"
Item1,52,"GREEN SALAD, ALOO PEANUT CHAT (P)"
Item1,53,"GREEN SALAD,BEETROOT & CARROT SALAD"
Item1,54,"GREEN SALAD,THREE BEAN SALAD"
Item1,55,FRUIT CAKE
Item1,56,"GREEN SALAD,PASTA SALAD"
Item1,57,PAPDI CHAT (D)
Item1,58,SMILEY (V)
Item1,59,"GREEN SALAD , CORN KACHUMBER SALAD"
Item1,60,NAMAK PARE
Item1,61,"GREEN SALAD, THANDA JALJEERA"
Item1,62,CUP CAKE (D)
Item1,63,"GREEN SALAD,RUSSIAN SALAD"
Item1,64,VEG SANDWICH (D)
Item1,65,"GREEN SALAD, MEDETERRANIAN SALAD"
Item1,66,"GREEN SALAD, MEDITERRANEAN SALAD"
Item1,67,SAMOSA(V)
Item1,68,"GREEN SALAD,LACCHA MINT ONION"
Item1,69,BROWNIE (V)
Item1,70,FRENCH FRIES (V)
Item1,71,"GREEN SALAD, THREE BEAN SALAD"
Item1,72,CAKE SLICE (D)
Item1,73,KOTHMERI KEBAB (V)
Item1,74,MARBLE CAKE (V)
Item1,75,"GREEN SALAD,AMERICAN CORN SALAD"
Item1,76,CHEESE TOAST (D)
Item1,77,"GREEN SALAD, SPROUT SALAD"
Item1,78,"GREEN SALAD,TOSSED SALAD"
Item1,79,"GREEN SALAD,  MEDITERRANEAN SALAD"
Item1,80,"GREEN SALAD,GERMAN MUSTARD POTATO SALAD(D)"
Item1,81,KOREAN KIMCHI SALAD
Item1,82,BROWNIE (D)
Item1,83,"GREEN SALAD , GERMAN MUSTARD POTATO SALAD (D)"
Item1,84,SMILEY
Item1,85,"GREEN SALAD, HAWAIIAN SALAD (D)"
Item1,86,"GREEN SALAD, LACCHA MINT ONION"
Item1,87,"GREEN SALAD,MEDITERRANEAN SALAD"
Item1,88,VANILLA CUP CAKE (D)
Item1,89,"GREEN SALAD,SPROUT SALAD"
Item1,90,GOL GAPPE
Item1,91,COLESLAW SADWICH (D)
Item1,92,KIMCHI SALAD
Item1,93,"GREEN SALAD , HAWAIIAN SALAD (D)"
Item1,94,"GREEN SALAD,GERMAN MUSTARD POTATO SALAD (D)"
Item1,95,MASALA POPCORN
Item1,96,"GREEN SALAD,KACHUMBER SALAD"
Item1,97,"GREEN SALAD,PASTA SALAD (D)"
Item1,98,MARBLE CAKE (D)
Item1,99,COLESLAW SANDWICH (D)
Item1,100,VEG NUGGETS (V)
Item1,101,"GREEN SALAD, PACHARI SALAD (D)"
Item1,102,RAM LADOO (V)
Item1,103,"GREEN SALAD, RUSSIAN SALAD"
Item1,104,SWIZZ ROLL (D)
Item1,105,ALOO TIKKI (V)
Item1,106,"GREEN SALAD,ALOO CHANA CHAT SALAD"
Item1,107,"GREEN SALAD, PASTA SALAD (D)"
Item1,108,JHAL MURI CHAT (P)
Item1,109,CORN SPINACH SANDWICH (D)
Item1,110,FRUIT CAKE SLICE (D)
Item1,111,"GREEN SALAD,KALA CHANA CHAT"
Item1,112,"GREEN SALAD,MINT LACCHA ONION"
Item1,113,STRAWBERRY CUP CAKE (D)
Item1,114,ALOO TIKKI
Item1,115,CHEESE TOAST
Item1,116,FRENCH FRIES
Item1,117,THAI CUCUMBER AND CABBAGE SALAD
Item1,118,"GREEN SALAD , TOMATO SOUP (V)"
Item1,119,"GREEN SALAD , PASTA SALAD (D)"
Item1,120,STUFFED KULCHA (D)
Item1,121,"GREEN SALAD, ALOO PEANUT CHAT (N)"
Item1,122,APPLE PIE (D)
Item1,123,"GREEN SALAD,VEGETABLE SOUP"
Item1,124,"GREEN SALAD,MEDITERRANEAN SALAD (D)"
Item1,125,VEG  BURGER (D)
Item1,126,MAGGIE
Item1,127,"RAW PAPAYA SALAD(N),TOM YUM SOUP"
Item1,128,BANANA CAKE (D)
Item1,129,"GREEN SALAD, ALOO PEANUT CHAT(N)"
Item1,130,SABUDANA TIKKI (V)
Item1,131,"GREEN SALAD,MUSHROOM SOUP (D)"
Item1,132,"GREEN SALAD,LEMON CORRIANDER SOUP"
Item1,133,KACHORI
Item1,134,"GREEN SALAD,TOMATO SHORBA"
Item1,135,PUMPKIN PIE (D)
Item1,136,"KIMCHI SALAD,SWEET CORN SOUP"
Item1,137,"GREEN SALAD, LEMON CORIANDER SOUP"
Item1,138,ALOO TIKI
Item1,139,GRUB FESTIVAL
Item1,140,CHOCOLATE BROWNIE (D)
Item1,141,"GREEN SALAD,MULLIGATWANY SOUP"
Item1,142,JHAL MURI CHAT (V)
Item1,143,"GREEN SALAD, TOMATO SOUP"
Item1,144,"GREEN SALAD,GREEK SALAD(D)"
Item1,145,CHEESE MUSHROOM TOAST (D)
Item1,146,"KOREAN KIMCHI SALAD,TOM YUM SOUP"
Item1,147,"GREEN SALAD , VEGETABLE BROTH"
Item1,148,"GREEN SALAD , MEXICAN SALAD"
Item1,149,CHOCOLATE  CUP CAKE (D)
Item1,150,"GREEN SALAD,SWEET CORN SOUP"
Item1,151,"GREEN SALAD,MUSHROOM SOUP(D)"
Item1,152,"THAI CUCUMBER AND CABBAGE SALAD , TOM YUM SOUP"
Item1,153,"GREEN SALAD , ALOO PEANUT CHAT (N)"
Item1,154,"GREEN SALAD, MULLIGATWANY SOUP"
Item1,155,JHAL MURI (N)
Item1,156,"GREEN SALAD,MEXICAN SALAD"
Item1,157,VEG PIZZA (D)
Item1,158,CHOCOLATE MUFFIN
Item1,159,"GREEN SALAD,CREAM OF PUMPKIN (D)"
Item1,160,"GREEN SALAD,CREAM OF TOMATO SOUP (D)"
Item1,161,NUGGETS
Item1,162,MUFFINS (D)
Item1,163,"KIMCHI SALAD,RAW PAPAYA SALAD(N)"
Item1,164,JHAL MURI CHAT (N)
Item1,165,"KOREAN KIMCHI SALAD,HOT & SOUR SOUP"
Item1,166,"GREEN SALAD,ALOO PEANUT CHAT (N)"
Item1,167,"GREEN SALAD,VEGETABLE BROTH"
Item1,168,"GREEN SALAD, SPROUTS SALAD"
Item1,169,SPINACH & CORN SANDWICH (D)
Item1,170,"THAI CUCUMBER & CARROT SALAD,TOM YUM SOUP"
Item1,171,"GREEN SALAD , MUSHROOM SOUP (D)"
Item1,172,CHOCOLATE PASTRY (D)
Item1,173,"GREEN SALAD , SWEET CORN SOUP"
Item1,174,"GREEN SALAD,VEGETABLE MANCHOW"
Item1,175,FRUIT MUFFIN (D)
Item1,176,BREAD PAKODA
Item1,177,JHAL MURI
Item1,178,"GREEN SALAD,TOMATO SOUP (D)"
Item1,179,CHOCOLATE BROWNE (D)
Item1,180,"KIMCHI SALAD,VEG MANCHOW SOUP (N)"
Item1,181,"GREEN SALAD, VEGETABLE BROTH"
Item1,182,MIX PAKODA
Item1,183,CHOCOLATE CUP CAKE (D)
Item1,184,"GREEN SALAD,SIRKA ONION"
Item1,185,"GREEN SALAD , MEDITERRANEAN SALAD"
Item1,186,FRIES
Item1,187,"GREEN SALAD, DAL SHORBA"
Item1,188,CUP CAKES (D)
Item1,189,ASST PASTRY (D)
Item1,190,"GREEN SALAD ,DAL SHORBA"
Item1,191,"GREEN SALAD, MUSHROOM SOUP (D)"
Item1,192,"GREEN SALAD,RASAM"
Item1,193,"GREEN SALAD , AMERICAN CORN SALAD"
Item1,194,"GREEN SALAD,ALOO CHANA CHAT (P)"
Item1,195,BHEL PURI (N)
Item1,196,RAM LADOO
Item1,197,CHILLI GARLIC POPCORN
Item1,198,"GREEN SALAD,DAL SHORBA"
Item1,199,KOTHMIRI KEBAB
Item1,200,BANANA CAKE
Item1,201,"THAI CUCUMBER AND CARROT SALAD,HOT & SOUR SOUP"
Item1,202,"GREEN SALAD ,ITALAIN PASTA SALAD (D)"
Item1,203,SAMOSA (D)
Item1,204,"THAI CUCUMBER & CARROT SALAD,VEG. LUNG FUNG SOUP"
Item1,205,STAWBERRY SWIZZ ROLL (D)
Item1,206,"GREEN SALAD ,MEXICAN SALAD"
Item1,-1,-1.0
Item1,207,"GREEN SALAD,TANG"
Item1,208,"GREEN SALAD,HAWAIIAN SALAD (D)"
Item1,209,HARA BHARA KEBAB
Item1,210,"GREEN SALAD , LACCHA ONION"
Item1,211,"GREEN SALAD , PASTA SALAD"
Item1,212,"GREEN SALAD, MASALA CHACH (D)"
Item1,213,"GREEN SALAD,CHANA CHAT"
Item1,214,"GREEN SALAD,PLAIN CHACH (D)"
Item1,215,"GREEN SALAD , MASALA CHACH (D)"
Item1,216,"GREEN SALAD, GERMAN MUSTARD POTATO SALAD (D)"
Item1,217,"GREEN SALAD, PLAIN CHACH (D)"
Item1,218,"GREEN SALAD,HAWAIIN SALAD (D)"
Item1,219,"GREEN SALAD,NIMBU PANI"
Item1,220,"GREEN SALAD, CHANA CHAT"
Item1,221,"THAI CUCUMBER AND CARROT SALAD,KOREAN KIMCHI SALAD"
Item1,222,"GREEN SALAD ,CHANA CHAT"
Item1,223,"THAI CUCUMBER & CARROT SALAD,KIMCHI SALAD"
Item1,224,"PAO,BHAJI (D)"
Item1,225,MARBLE CAKE(D)
Item1,226,VANILLA CUP CAKE(D)
Item1,227,"RAW PAPAYA SALAD(N),GARLIC BREAD"
Item1,228,"MATAR,KULCHA"
Item1,229,"GREEN SALAD,JALJEERA"
Item1,230,KOTHMERI KEBAB
Item1,231,"GREEN SALAD ,ALOO PEANUT CHAT (N)"
Item1,232,"GREEN SALAD ,NIMBU PANI"
Item1,233,"PAO (D),BHAJI (D)"
Item1,234,SPINACH CORN SANDWICH (D)
Item1,235,"THAI CUCUMBER & CARROT SALAD,TANG"
Item1,236,MASALA CORN (N)
Item1,237,VADA PAO
Item1,238,"THAI CUCUMBER AND CARROT SALAD,MANGO TANG"
Item1,239,"GREEN SALAD , ALOO  CHANA CHAT"
Item1,240,"GREEN SALAD,PUDINA PANI"
Item1,241,MUSHROOM TOAST (D)
Item1,242,DAHI TIKKI (D)
Item1,243,"GREEN SALAD,SARBAT"
Item1,244,"GREEN SALAD, THANDAI"
Item1,245,"GREEN SALAD,SPROUT SALAD (D)"
Item1,246,CORN MASALA
Item1,247,KHASTA KACHORI BHAJI
Item1,248,"GREEN SALAD, BUTTER MILK"
Item1,249,ALOO CHEESE SANDWICH (D)
Item1,250,"GREEN SALAD,ALOO PEANUT CHAT(N)"
Item1,251,"GREEN SALAD,GREEK SALAD"
Item1,252,BUN MASKA (D)
Item1,253,"GREEN SALAD ,HAWAIIAN SALAD (D)"
Item1,254,"GREEN SALAD ,MASALA CHACH (D)"
Item1,255,ALOO BONDA (D)
Item1,256,"THAI CUCUMBER & CARROT SALAD,MANGO TANG"
Item1,257,CUP CAKE
Item1,258,KHASTA KACHORI BHAJI (D)
Item1,259,PAO
Item1,260,ALOO CHAT
Item1,261,KHASTA KACHORI
Item1,262,"GREEN SALAD ,AMERICAN CORN SALAD"
Item1,263,MATAR KULCHA
Item1,264,STRAWBERRY SWIZZ ROLL (D)
Item1,265,ALOO SANDWICH (D)
Item1,266,CHOCOLATE CUPCAKE (D)
Item1,267,"THAI CUCUMBER & CARROT SALAD (N),TANG"
Item1,268,VADA PAO (D)
Item1,269,"GREEN SALAD, TOSSED SALAD"
Item1,270,"GREEN SALAD,CHACH"
Item1,271,DAL KACHORI
Item2,0,BOILED EGG (E &D)
Item2,1,CHICKEN DAHI WALA (N&P&D)
Item2,2,NIMBU PANI
Item2,3,MAC & CHEESE (D)
Item2,4,EGG BHURJI (E)
Item2,5,KARELA MASALA (V)
Item2,6,STRAWBERRY SHAKE (D)
Item2,7,ACHARI ALOO
Item2,8,MASALA OMELLETE (E)
Item2,9,BUTTER CHICKEN (N&P)
Item2,10,TANG
Item2,11,PALAK CORN (V)
Item2,12,BOILED EGG(E)
Item2,13,PENNE ARRABIATA (D)
Item2,14,COLD COFFEE (D)
Item2,15,VEG AUGRATIN (D)
Item2,16,FRIED EGG (E)
Item2,17,PINDI CHOLEY
Item2,18,KHATTA METHA PANI
Item2,19,VEG LASAGNE (V&D)
Item2,20,CHEESE OMELLETE (E)
Item2,21,SOYAKEEMA MATAR (V)
Item2,22,CHOCOLATE SHAKE (D)
Item2,23,CHICKEN DO PYAZA (N&P&D)
Item2,24,ALOO MANGODI  KI SUBZI
Item2,25,"TEA (D), COFFEE (D)"
Item2,26,VEG AVIAL (D)
Item2,27,BOILED EGG (E)
Item2,28,CREAM CHICKEN (N&P&D)
Item2,29,LAUKI VADI (V)
Item2,30,MASALA KHICHIDI (V)
Item2,31,BANANA SHAKE (D)
Item2,32,GAJAR MATAR (V)
Item2,33,CHICKEN BIRYANI (N&D)
Item2,34,FUISSILI PASTA IN PINK SAUCE (D)
Item2,35,PALAK CORN(V)
Item2,36,PINDI CHOLEY (V)
Item2,37,HOME STYLE MACRONI (V)
Item2,38,PENNE SICILIANA (D)
Item2,39,LEMON WATER
Item2,40,CHICKEN MASALA (N&D&P)
Item2,41,ALOO  TAMATAR  KI SABZI (V)
Item2,42,HONEY CHILLI POTATO (V)
Item2,43,BUTTER CHICKEN (N&P&D)
Item2,44,BAKED VEGETABLES (D)
Item2,45,FRIED EGG(E)
Item2,46,LAUKI CHANA MASALA (V)
Item2,47,ALOO MATAR TAMATAR  (V)
Item2,48,KADHAI CHICKEN (N&P&D)
Item2,49,SPINACH CORN LASAGNE (D)
Item2,50,METHI ALOO (V)
Item2,51,EGG BHURJI(E)
Item2,52,DHABA MURG (N&D&P)
Item2,53,SCRAMBLED EGG (E)
Item2,54,SOYA CHILLI (V)
Item2,55,CHICKEN KALIMIRCH (N&P&D)
Item2,56,KURKURI BHINDI (V)
Item2,57,MASALA OMELLETE(E)
Item2,58,FUSILLI PASTA IN PINK SAUCE (D)
Item2,59,TEA (D)  COFFEE (D)
Item2,60,DUM ALOO KASHMIRI (D)
Item2,61,ALOO MATAR (V)
Item2,62,MIX VEG
Item2,63,PIND DA MURG (N&P&D)
Item2,64,KHATTA MEETHA PANI
Item2,65,STIR FRIED VEGETABLE IN HOT GARLIC SAUCE (V)
Item2,66,HANDI CHICKEN (N&P&D)
Item2,67,MASALA KHICHIDI
Item2,68,HOMESTYLE MACRONI PASTA (V)
Item2,69,PENNE PASTA PINK SAUCE(D)
Item2,70,FUSILLI PASTA IN RED SAUCE (D)
Item2,71,HANDI VEG (V)
Item2,72,SPINACH & CORN LASAGNE (D)
Item2,73,CHICKEN CURRY (N&D&P)
Item2,74,CHOLEY (V)
Item2,75,STIR FRIED VEGETABLES IN SESAME SAUCE (V)
Item2,76,CHICKEN CURRY (N&P&D)
Item2,77,TEA COFFEE (D)
Item2,78,BANANA SHAKE
Item2,79,LAUKI URAD VADI (V)
Item2,80,VEG KORMA (D)
Item2,81,ALOO BEANS (V)
Item2,82,TOORAI MASALA (V)
Item2,83,VEG JALFREZI (V)
Item2,84,HOME STYLE MACRONI  (V)
Item2,85,PALAK CHOLE (V)
Item2,86,VEGETABLE CORN LASAGNE (D)
Item2,87,ACHARI BAIGAN (V)
Item2,88,CHICKEN KOLHAPURI (N&P&D)
Item2,89,VEG KOFTA CURRY (P&D)
Item2,90,BAKED VEGETABLES IN WHITE SAUCE (D)
Item2,91,BHINDI DO PYAZA (V)
Item2,92,KHATTA MEETA PANI
Item2,93,ALOO CAPSICUM (V)
Item2,94,CHICKEN CHETINNAD (N&P&D)
Item2,95,STIR FRIED VEGETABLE IN BLACK BEAN SAUCE (V)
Item2,96,PENNE IN ALFRDO SAUCE (D)
Item2,97,ALOO GHOBI MASALA (V)
Item2,98,CHICKEN DAHI WALA (N&D&P)
Item2,99,KADHAI VEGETABLE (V)
Item2,100,CHICKEN ROGAN JOSH (N&D&P)
Item2,101,STIR FRIED VEGETABLES IN SWEET AND SOUR SAUCE (V)
Item2,102,PENNE PASTA IN PINK SAUCE (D)
Item2,103,LAUKI URAD VADI MASALA (V)
Item2,104,VEGETABLE KORMA (V)
Item2,105,HOMESTYLE MACRONI (D)
Item2,106,SOYA CHILLI
Item2,107,FUISSILI P[ASTA IN BECHMAL SAUCE (D)
Item2,108,CHICKEN DAHI WALA (NV/D)
Item2,109,SAUTE VEG (V)
Item2,110,BHINDI MASALA (V)
Item2,111,CHICKEN KHOLAPURI (NV/D)
Item2,112,PENNE NEPOLITANA (D)
Item2,113,HOME STYLE MIX PASTA (V)
Item2,114,CHICKEN CURRY (NV/D)
Item2,115,CHOLEY MASALA
Item2,116,MIX VEG IN GARLIC SOYA SAUCE
Item2,117,CHICKEN SAAGWALA (NV)
Item2,118,CHICKEN BIRYANI (NV&D)
Item2,119,EXOTIC VEGETABLE IN TOMATO BASIL SAUCE (D)
Item2,120,SARSON KA SAAG (V)
Item2,121,MIX VEG (V)
Item2,122,CHICKEN ROGAN JOSH (NV/D)
Item2,123,POTATO WEDGES
Item2,124,CHICKEN KALIMIRCH (NV/N/D)
Item2,125,MIX VEGETABLE (V)
Item2,126,PENNE PASTA IN ALFREDO SAUCE (D)
Item2,127,CHICKEN CURRRY (NV/N/D)
Item2,128,EXOTIC VEG IN HOT GARLIC SAUCE (V)
Item2,129,CHICKEN CHETTINAD (NV/D)
Item2,130,SOYA KEEMA MATAR
Item2,131,CHICKEN BIRYANI (NV/D)
Item2,132,STIR FRIED VEGETABLES IN BLACK BEAN SAUCE (N)
Item2,133,ALOO HARE PYAZ KI SUBZI (V)
Item2,134,BUTTER CHICKEN(NV/D)
Item2,135,KURKURI BHINDI(V)
Item2,136,KADHAI CHICKEN (NV/D)
Item2,137,CHICKEN SAAG WALA (NV/D)
Item2,138,MASALA OMELETTE (E)
Item2,139,PENNE ALFREDO (D)
Item2,140,HANDI CHICKEN (NV/D)
Item2,141,SHAM SAVERA (D)
Item2,142,CABBAGE MATAR (V)
Item2,143,HONEY CHILLI POTATO (N)
Item2,144,VEGETABLE LASAGNE (D)
Item2,145,MASALA JEERA ALOO (V)
Item2,146,VEGETABLE MANCHURIAN (V)
Item2,147,CHICKEN MAKHANI (NV/D)
Item2,148,VEGTABLE LASAGNE (D)
Item2,149,DHABA MURG  (NV/D)
Item2,150,VEGTABLE KHICHIDI
Item2,151,ALOO BEANS  (V)
Item2,152,CHICKEN MAKHANI  (NV/D)
Item2,153,VEG MANCHURIAN
Item2,154,ALOO METHI
Item2,155,HOMESTYLE CHICKEN CURRY (NV/D)
Item2,156,BUTTER CHICKEN (NV/D)
Item2,157,CHICKEN CHETTINAD  (NV/D)
Item2,158,EXOTIC VEGETABLES IN TOMATO BASIL SAUCE (D)
Item2,159,BESAN GATTA CURRY (D)
Item2,160,CHICKEN DO PYAZA (NV/N/D)
Item2,161,PENNE PASTA IN ARRABIATA SAUCE (D)
Item2,162,FUISSILI PASTA IN POMODORO SAUCE (D)
Item2,163,VEGETABLE MOUSSAKA (V)
Item2,164,HOMESTYLE MIX PASTA (D)
Item2,165,VEGETABLE FLORENTINE (V)
Item2,166,SAUTE POTATO
Item2,167,KADHAI CHICKEN  (NV/D)
Item2,168,ALOO HARA PYAZ (V)
Item2,169,VEG DUMPLING IN SWEET AND SOUR SAUCE (V)
Item2,170,FUISSILI PASTA IN ARRABIATA SAUCE (D)
Item2,171,CHOLEY
Item2,172,MIX HOMESTYLE PASTA (V)
Item2,173,MIX PASTA IN RED SAUCE (D)
Item2,174,SOYA ALOO MATAR
Item2,175,HOMESTYLE MACRONI
Item2,176,PAO (D)
Item2,177,ALOO MATAR TAMATAR (V)
Item2,178,HOMESTYLE MACRONI (V)
Item2,179,SOYA CHAP MASALA (N&D)
Item2,180,RARA CHICKEN (NV/D)
Item2,181,CHICKEN MAKHANI (NV/N/D)
Item2,182,BAIGAN BHARTA (V)
Item2,183,PENNE PASTA IN MIX SAUCE (D)
Item2,184,HOMESTYLE FUISSILI PASTA
Item2,185,VEGETABLE  LASAGNE (D)
Item2,186,VEGETABLE MANCHURIAN
Item2,187,HING DHANIYE KE CHATPATE ALOO (V)
Item2,188,HOMESTYLE MIX PASTA (V)
Item2,189,JEERA ALOO
Item2,190,HOMESTYLE PENNE PASTA
Item2,191,SPAGHETTI ARRABIATA (D)
Item2,192,SUBZ MAKHANI (V)
Item2,193,ALOO MATAR
Item2,194,ROSEMERRY POTATO
Item2,195,PENNE PASTA IN RED SAUCE (D)
Item2,196,JEERA ALOO (V)
Item2,197,VEGETABLE KOFTA CURRY (D)
Item2,198,BUTTER CHICKEN (NV/N/D)
Item2,199,SOYA ALOO MATAR (V)
Item2,200,RARA CHICKEN  (NV/D)
Item2,201,KULCHA
Item2,202,STRAWBERRY SHAKE
Item2,203,PAO BHAJI
Item2,204,COLD COFFEE
Item2,205,CHICKEN KALI MIRCH (NV/D)
Item2,206,LAUKI MASALA (V)
Item2,-1,-1.0
Item2,207,DIWANI HANDI (D)
Item2,208,MANGO SHAKE (D)
Item2,209,VEG KOFTA IN PALAK GRAVY (V)
Item2,210,SOYA CHILLY (V)
Item2,211,BHUNA CHICKEN (NV/N/D)
Item2,212,SUBZ MAKHANI (D)
Item2,213,PENNE PASTA ALFREDO (D)
Item2,214,TINDA MASALA (V)
Item2,215,KASHMIRI DUM ALOO (D)
Item2,216,PALAK CORN BHAJIA (V)
Item2,217,SOYA  CHAP MASALA (D)
Item2,218,HOMESTYLE MIX PASTA
Item2,219,SOYA  MATAR (V)
Item2,220,MASALA BAIGAN (V)
Item2,221,BHAJI (D)
Item2,222,VEGETABLE FLORENTINE (D)
Item2,223,ROSEMARY POTATO
Item2,224,PUDINA PANI
Item2,225,PENNE NAPOLITANA (D)
Item2,226,KATHAL KI SUBZI (V)
Item2,227,MASALA ALOO (V)
Item2,228,MALAI KOFTA CURRY (D)
Item2,229,HING DHANIYE KE CHATPATE ALOO (D)
Item2,230,KATHAL MASALA (V)
Item2,231,FUSSILI PASTA IN ARRABIATA SAUCE (D)
Item2,232,KARELA DO PYAZA (V)
Item2,233,VEG MANCHURIAN (V)
Item2,234,MANGO TANG
Item2,235,CHICKEN VINDALOO (NV/N)
Item2,236,PENNE PASTA IN BASIL PESTO SAUCE (D)
Item2,237,VEG JALREZI (V)
Item2,238,ORANGE TANG
Item2,239,MIX PASTA IN ALFREDO SAUCE (D)
Item2,240,KERELA DO PYAZA  (D)
Item2,241,ICE TEA
Item2,242,GRILLED VEGETABLES (V)
Item2,243,SPAGHETTI PASTA IN ARRABIATA SAUCE (D)
Item2,244,SOYA MATAR
Item2,245,CHICKEN CHETINNAD (NV/N/D)
Item3,0,"UTTAPAM , SAMBHAR"
Item3,1,PALAK PANEER (D)
Item3,2,LAUKI CHANA MASALA
Item3,3,BANANA PANCAKE (D)
Item3,4,SOYA CHAAP CURRY (D)
Item3,5,RED MALKA  DAL
Item3,6,VERMICILLI UPMA
Item3,7,KADHAI PANEER (D)
Item3,8,VEG KORMA (D)
Item3,9,BESAN CHILLA (D)
Item3,10,BHINDI MASALA (V)
Item3,11,KADHAI VEGETABLE (V)
Item3,12,KULCHA
Item3,13,KHATTA MEETHA PETHA (V)
Item3,14,NADRU KOFTA CURRY (V&P)
Item3,15,VEG PEANUT POHA (P)
Item3,16,TOORAI MASALA (V)
Item3,17,MATAR PANEER (D)
Item3,18,PAO
Item3,19,MIX VEGETABLE(V)
Item3,20,VEG PORIYAL (V)
Item3,21,PANEER NEILGIRI (D)
Item3,22,CAPSICUM ALOO (V)
Item3,23,PLAIN PARATHA (V)
Item3,24,HING DHANIYE KE CHAPATE ALOO(V)
Item3,25,BESAN GATTA CURRY  (D)
Item3,26,"IDLI, SAMBHAR"
Item3,27,PANEER AND VEG BIRYANI (D)
Item3,28,LATPATE ALOO (D)
Item3,29,STUFFED PARATHA (V)
Item3,30,SOYAKEEMA MATAR  (V)
Item3,31,MOONG DAL CHILA
Item3,32,VEG JALFREZI (V)
Item3,33,HASH BROWN POTATO(D)
Item3,34,KATHAL KI SABZI (V)
Item3,35,VERMECILLI UPMA (V)
Item3,36,KALE CHANE (V)
Item3,37,CANTONESE STYLE VEG IN SESAME SAUCE (V)
Item3,38,TIKONA PARTHA
Item3,39,PANEER METHI MALAI (D)
Item3,40,SOYAKEEMA MASALA (V)
Item3,41,PAO (V)
Item3,42,SOYA CHAP MASALA (D)
Item3,43,VEG KOFTA CURRY (P&D)
Item3,44,ALOO BEANS  (V)
Item3,45,KARELA DO PYAZA (V)
Item3,46,SUJI UPMA (V&P)
Item3,47,DAL MAKHANI (D)
Item3,48,BAINGAN MASALA (V)
Item3,49,MIX VEG (D)
Item3,50,PANEER LABABDAR (D)
Item3,51,VEG MANCHURIAN (V)
Item3,52,LAUKI CHANA MASALA (V)
Item3,53,MOONG DAL PALAK
Item3,54,MOONG DAL CHILLA (D)
Item3,55,VERMICILLI UPMA (V)
Item3,56,ALOO GOBHI MUTTER MASALA (V)
Item3,57,SOYA KEEMA MATAR
Item3,58,BESAN GATTA CURRY (D)
Item3,59,MALAI KOFTA CURRY (D)
Item3,60,PAO (D)
Item3,61,SOYA CHAP CURRY (D)
Item3,62,PANEER MAKHANI (D)
Item3,63,SOYA MATAR (V)
Item3,64,HING DHANIYE KE CHATPATE ALOO
Item3,65,CHOCOLATE PANCAKE (D)
Item3,66,METHI ALOO (V)
Item3,67,GAJAR MATAR KI SUBZI (V)
Item3,68,POORI
Item3,69,SEV TAMATRI
Item3,70,ALOO BAINGAN MASALA (V)
Item3,71,ALOO CAPSICUM   (V)
Item3,72,PANEER BUTTER MASALA (D)
Item3,73,HOME STYLE MATAR PANEER (D)
Item3,74,DAL BUKHARA
Item3,75,BHINDI DO PYAZA (V)
Item3,76,PANEER DHANIYA BUTTER MASALA (D)
Item3,77,SUBZ KHOLAPURI (V)
Item3,78,PARWAL ALOO (V)
Item3,79,DUM ALOO KASHMIRI (D)
Item3,80,LAUKI URAD VADI MASALA (V)
Item3,81,PLAIN PARATHE (V)
Item3,82,MATAR ALOO (V)
Item3,83,"KANCHIPURAM IDLI, SAMBHAR"
Item3,84,KARELA MASALA  (V)
Item3,85,ALOO GOBHI MATAR (V)
Item3,86,RAJMA MASALA (V)
Item3,87,PANNER KALI MIRCH (D)
Item3,88,HARE KADDU KI SABZI (V)
Item3,89,ALOO TAMATAR (NO ONION NO GARLIC)
Item3,90,ALOO BAIGAN (V)
Item3,91,BANANA PANCAKES (D)
Item3,92,KARELA MASALA (V)
Item3,93,ALOO PARATHA
Item3,94,VEG. KORMA (D)
Item3,95,MIX VEG
Item3,96,PANEER NILGIRI(D)
Item3,97,CHOCOLATE PANCAKE(D)
Item3,98,PANEER DO PYAZA (D)
Item3,99,LAUKI KOFTA (V)
Item3,100,"IDLI, SAMBER (V)"
Item3,101,PLAIN PARATHA
Item3,102,SOYA CHAP MASALA (D&P)
Item3,103,MIX VEGETABLE (V)
Item3,104,BESAN CHILA (D)
Item3,105,ACHARI ALOO
Item3,106,VEG PONGAL
Item3,107,SEV MATAR TAMATAR KI SABZI (V)
Item3,108,ALOO GOBHI ADRAKI (V)
Item3,109,PALAK PARATHA
Item3,110,BAIGAN BHARTA (V)
Item3,111,"VEGETABLE IDLI, SAMBHAR"
Item3,112,WHITE LOBIYA (V)
Item3,113,NADRU KOFTA CURRY (P&D)
Item3,114,PARMAL ALOO MASALA (V)
Item3,115,HING DHAIYE KE CHATPATE ALOO (V)
Item3,116,VEGTABLE PANEER BIRYANI (D)
Item3,117,ACHARI BAIGAN (V)
Item3,118,GAJAR MATAR (V)
Item3,119,KURKURI BHINDI (V)
Item3,120,ALOO CAPSICUM(V)
Item3,121,"IDLI , SAMBHAR"
Item3,122,ALOO TAMATAR
Item3,123,SUBZI KOLHAPURI (V)
Item3,124,MIX VEG (V)
Item3,125,VEG PEANUT POHA (N)
Item3,126,PANEER KORMA (D)
Item3,127,PALAK CORN (V)
Item3,128,"IDLI, SAMBHAR (V)"
Item3,129,CABBAGE MATAR (V)
Item3,130,ALOO MATAR TAMATAR (D)
Item3,131,SARSON KA SAAG  (V)
Item3,132,ALOO HARA PYAZ (V)
Item3,133,MOONG DAL CHILA (D)
Item3,134,SOYA CHAP ACHARI MASALA (D&P)
Item3,135,KASOORI METHI ALOO (V)
Item3,136,KHATTA MEETA PETHA
Item3,137,VEGETABLE HAKKA NOODLES
Item3,138,MAC & CHEESE (D)
Item3,139,"UTTAPHAM,SAMBHAR"
Item3,140,STUFFED PARATHA
Item3,141,HING DHANIYE KE CHATPATE ALOO (V)
Item3,142,HASHBROWN POTATO (D)
Item3,143,JEERA ALOO (V)
Item3,144,STIR FRIED VEGETABLES IN SESAME SAUCE (V)
Item3,145,BAIGAN MASALA (V)
Item3,146,ALOO GOBHI MATAR
Item3,147,ALOO PARATHA (D)
Item3,148,HONEY CHILLI POTATO (N)
Item3,149,SARSON KA SAAG (V)
Item3,150,SUJI UPMA (N)
Item3,151,PANEER KALI MIRCH (D)
Item3,152,"MASALA IDLI, SAMBHAR (V)"
Item3,153,METHI PARATHA
Item3,154,GOBHI ADRAKI (V)
Item3,155,LAUKI URAD VADI MASALA (D)
Item3,156,JERRA ALOO
Item3,157,SPINACH CORN LASAGNE (D)
Item3,158,GAJAR ALOO MATAR
Item3,159,PANEEER ROGAN JOSH (D)
Item3,160,VEG DUMPLING IN SOYA GARLIC SAUCE
Item3,161,LAUKI CHANA MASALA  (V)
Item3,162,ALOO PALAK (V)
Item3,163,STIR FRIED VEGETABLES IN HOT GARLIC SAUCE
Item3,164,GOBHI ALOO (V)
Item3,165,ALOO BEANS (V)
Item3,166,CANTONESE STYLE VEG IN BLACK BEAN SAUCE (V)
Item3,167,PANNER DO PYAZA (D)
Item3,168,MASALA JEERA ALOO
Item3,169,SOYA ALOO MATAR
Item3,170,PALAK CHANA (V)
Item3,171,MIX PARATHA
Item3,172,GOBHI MASALA(V)
Item3,173,KULCHA (D)
Item3,174,MALAI KOFTA (D)
Item3,175,LAUKI URAD VADI  MASALA (V)
Item3,176,MASALA  ALOO (V)
Item3,177,GAJAR  MATAR
Item3,178,MASALA PARATHA
Item3,179,PANEER ROGAN JOSH (D)
Item3,180,LAUKI URAD VADI MASALA  (V)
Item3,181,MASALA ALOO (V)
Item3,182,BAIGAN BHARTA(V)
Item3,183,MUSHROOM MATAR (V)
Item3,184,MIX PARATHA (V)
Item3,185,SOYA KEEMA MATAR (V)
Item3,186,BANANA PANCAKE(D)
Item3,187,HOME STYLE MATTER PANEER
Item3,188,"IDLI,SAMBHAR"
Item3,189,SINDHI KADHI (D)
Item3,190,"VADA, SAMBHAR"
Item3,191,METHI PURI
Item3,192,SUBJ KOLHAPURI (V)
Item3,193,BATHUA PARATHA
Item3,194,KHATTA MEETHA PETHA
Item3,195,CHATPATE ALOO (D)
Item3,196,VEG KORMA (P)
Item3,197,VEG JALFRAZI (V)
Item3,198,LAUKI KOFTA CURRY  (V)
Item3,199,SEV TAMATAR KI SABJI (V)
Item3,200,VEG KORMA (V)
Item3,201,HASHBROWN (D)
Item3,202,ARHAR DAL TADKA (V)
Item3,203,VERMECILLI UPMA
Item3,204,MASALA JEERA ALOO (V)
Item3,205,ALOO CAPSICUM (V)
Item3,206,SUJI UPMA (V&N)
Item3,-1,-1.0
Item3,207,MASALA PARATHA (D)
Item3,208,KALE CHANE
Item3,209,PALAK CORN
Item3,210,ALOO BHAJI (D)
Item3,211,TAWA SABJI (V)
Item3,212,ALOO METHI (V)
Item3,213,ALOO VADI
Item3,214,HOMESTYLE MATAR PANEER (D)
Item3,215,SAUTE VEG (V)
Item3,216,GOBHI MASALA  (V)
Item3,217,KASHMIRI DUM ALOO (D)
Item3,218,MIX  PARATHA (V)
Item3,219,ALOO GOBHI MASALA (V)
Item3,220,SOYA CHAAP MASALA (D)
Item3,221,MASALA AJWANI ALOO
Item3,222,ALOO MATAR  (V)
Item3,223,PLAIN PARATHA (D)
Item3,224,BAIGAN ACHARI (V)
Item3,225,TAWA SABJI
Item3,226,HASHBROWN
Item3,227,RAJMA (V)
Item3,228,SOYA  MATAR  (V)
Item3,229,TINDA MASALA  (V)
Item3,230,MASALA BAIGAN (V)
Item3,231,VEGETABLE THAI CURRY (D)
Item3,232,SOYA CHAP MASALA  (V)
Item3,233,ALOO JEERA
Item3,234,AJWANI POORI
Item3,235,MASALA DALIYA
Item3,236,GAJAR BEANS MATAR (V)
Item3,237,RAJMA
Item3,238,TAWA SUBZ (V)
Item3,239,TINDA MASALA (V)
Item3,240,VEG KOFTA CURRY (V)
Item3,241,MATAR (V)
Item3,242,MASALA CHACH (D)
Item3,243,MIX PARATHA (D)
Item3,244,KASHMIRI DUM ALOO  (D)
Item3,245,MUSHROOM MATTER MASALA (D)
Item3,246,ALOO MATAR (V)
Item3,247,BLACK MASOOR DAL (V)
Item3,248,TIKONA PARATHA
Item3,249,PANEER DO PYAZA  (D)
Item3,250,TORAI MASALA (V)
Item3,251,KARELA DO PYAZA  (V)
Item3,252,CHARRA ALOO HARA PYAZ (V)
Item3,253,KARELA DO  PYAZA  (V)
Item3,254,MASALA ALOO
Item3,255,KADHAI VEG (V)
Item3,256,LAUKI KOFTA CURRY (V)
Item3,257,VEG JALPHREZI  (V)
Item3,258,HASHBROWN (V)
Item3,259,KHATTA MEETHA PETHA  (V)
Item3,260,VEGETABLE THAI CURRY (V)
Item3,261,KATHAL MASALA (V)
Item3,262,BHINDI DO PYAZA(V)
Item3,263,ALOO CAPSICUM  (V)
Item3,264,KURKURI BHINDI(V)
Item3,265,VEG KOFTA CURRY (D)
Item3,266,ALOO  MATAR  TAMATAR (V)
Item3,267,SOYA CHAAP MASALA  (D)
Item3,268,KATHAL KI SUBZI (V)
Item3,269,DAL BUKHARA (V)
Item3,270,LAUKI VADI MASALA  (V)
Item3,271,ALOO MATAR TAMATAR (V)
Item3,272,VADA
Item3,273,LAUKI KOFTA CURRY (D)
Item3,274,LAUKI URAD VADI (V)
Item3,275,ROSEMARY POTATO
Item3,276,TOORAI MASALA  (V)
Item3,277,GREEN MOONG DAL (V)
Item3,278,POTATO WEDGES
Item4,0,COCONUT CHUTNEY (V)
Item4,1,YELLOW MOONG DAL (V)
Item4,2,DAL TADKA
Item4,3,"HONEY,CHOCOLATE SYRUP"
Item4,4,DAL BHUKARA (D)
Item4,5,MIX RAITA (D)
Item4,6,TOMATO CHUTNEY (V)
Item4,7,RAJASTHANI DAL
Item4,8,DHABA DAL
Item4,9,MINT CHUTNEY (D)
Item4,10,BLACK MALKA DAL (V)
Item4,11,DAL BALTIC
Item4,12,MATAR(V)
Item4,13,-
Item4,14,DAL PANCHMEL
Item4,15,RAJMA MASALA (V)
Item4,16,DAL FRY
Item4,17,BHAJI (V)
Item4,18,DAL MAKHANI(D)
Item4,19,SAMBHAR
Item4,20,TOMATO CHUTNEY (D)
Item4,21,DAL MAKHANI (D)
Item4,22,DAL PANCHMEL (V)
Item4,23,ALOO BHAJI (D)
Item4,24,DAL TADKA (V)
Item4,25,BURANI RAITA (D)
Item4,26,DHABA DAL (V)
Item4,27,CURD (D)
Item4,28,KADHI PAKODA(D)
Item4,29,RED MALKA DAL (V)
Item4,30,MINT CHUTNEY (V)
Item4,31,DAL BUKHARA (V)
Item4,32,BAKED BEANS(V)
Item4,33,RAJMA MASALA (D)
Item4,34,BLACK MASOOR DAL (V)
Item4,35,MASALA CHACH (D)
Item4,36,GARLIC CHILLI  NOODLES
Item4,37,ALOO BHAJI
Item4,38,YELLOW DAL TADKA (V)
Item4,39,RAJASTHANI DAL (V)
Item4,40,BHAJI
Item4,41,GREEN MOONG DAL (V)
Item4,42,YELLOW MOONG DAL TADKA (V)
Item4,43,SINDHI KADI (D)
Item4,44,MALAI KOFTA CURRY (D)
Item4,45,BLACK MASOOR DAL
Item4,46,ARHAR DAL TADKA
Item4,47,BOONDI RAITA (D)
Item4,48,GREEN MOONG DAL
Item4,49,KADI PAKODA (D)
Item4,50,MATAR (V)
Item4,51,KALE CHANE
Item4,52,CHANA DAL TADKA (V)
Item4,53,SINDHI KADHI (D)
Item4,54,ARHAR DAL TADKA (V)
Item4,55,RAJMA MASALA
Item4,56,CHHACH (D)
Item4,57,CHANA URAD DAL (V)
Item4,58,DAL BUKHARA
Item4,59,ALOO BHAJI (V)
Item4,60,RED MALKA DAL V)
Item4,61,RED MALKA DAL
Item4,62,KALE CHANE (NO ONION NO GARLIC)
Item4,63,PALAK CORN (V)
Item4,64,CHANA DAL TADKA
Item4,65,VEG HAKKA NOODLES
Item4,66,WHITE LOBIYA (V)
Item4,67,CHANA DAL (V)
Item4,68,COCONUT  CHUTNEY (V)
Item4,69,KADHI PAKODA (D)
Item4,70,SAMBHAR (V)
Item4,71,CHANA URAD DAL TADKA (V)
Item4,72,HONEY
Item4,73,MIRCH KA SALAN (D&P)
Item4,74,DAL BHUKARA
Item4,75,KADHAI VEGETABLE (V)
Item4,76,MOONG DAL TADKA
Item4,77,RAJASTHANI KADHI (D)
Item4,78,VEGETABLE MANCHURIAN
Item4,79,BAKED BEANS (V)
Item4,80,SINGPORE CHILLI NOODLES
Item4,81,YELLOW DAL TADKA
Item4,82,METHI ALOO (V)
Item4,83,YELLOW MOONG DAL TADKA
Item4,84,BATHUA KADHI (D)
Item4,85,DAL PANCHMEL(V)
Item4,86,HYDERABADI DAL (V)
Item4,87,RED MALKA  DAL (V)
Item4,88,BLACK MALKA DAL
Item4,89,KADHI PAKORA(D)
Item4,90,SINGAPORIAN NOODLES
Item4,91,HONEY CHILLI POTATO (N)
Item4,92,MATAR
Item4,93,RAJMA
Item4,94,DAL HYDERABADI (V)
Item4,95,PUNJABI KADHI PAKODA (D)
Item4,96,VEGETABLE HAKKA NOODLES
Item4,97,KALE CHANE (V)
Item4,98,DAL BUKHARA (D)
Item4,99,DAL BALTIC (V)
Item4,100,RAJMA (V)
Item4,101,BAKED BEANS
Item4,102,SOYA CHAAP MASALA (D)
Item4,103,MINT SAUCE (D)
Item4,104,SINGAPORIAN GARLIC NOODLES
Item4,105,SOYA CHAAP MASALA(V)
Item4,106,GRUB FEST
Item4,107,VEGETABLE PULAO
Item4,108,DAL RAJASTHANI
Item4,109,PLAIN CHACH (D)
Item4,110,SOYA CHAAP MASALA(D)
Item4,111,DAL MAHARANI (V)
Item4,112,KASHMIRI DUM ALOO (D)
Item4,113,BHAJI (D)
Item4,114,DAL MAHARANI(V)
Item4,115,JEERA ALOO
Item4,116,DAL BHUKARA (V)
Item4,117,CHANA DAL TADKA(V)
Item4,118,GREEN MOONG DAL(V)
Item4,119,RED MALKA DAL(V)
Item4,120,PLAIN LASSI (D)
Item4,121,YELLOW MOONG DAL TADKA(V)
Item4,122,CHANA DAL MASALA (V)
Item4,123,MALAI KOFTA (D)
Item4,124,CHACH (D)
Item4,125,MALAI KOFTA CURRY (D/N)
Item4,126,CONVOCATION LUNCH MENU
Item4,127,DAL HYDERABADI (D)
Item4,128,DAL ARHAR TADKA (V)
Item4,129,ARHAR DAL TDAKA (V)
Item4,130,HYDERABADI DAL (D)
Item4,131,CUIRD (D)
Item4,132,KADHI  PAKODA(D)
Item4,-1,-1.0
Item5,0,"BREAD, BUTTER (D), JAM"
Item5,1,JEERA RICE
Item5,2,PLAIN RICE
Item5,3,SOYA BIRYANI
Item5,4,ONION RICE
Item5,5,PLAIN RICE/ BUTTER MILK
Item5,6,VEG PULAO
Item5,7,TOMATO RICE
Item5,8,TIRANGA PULAO
Item5,9,CURD (D)
Item5,10,MIRCHI KA SALAN (D&P)
Item5,11,PEAS PULAO
Item5,12,VEG FRIED RICE
Item5,13,VEGETABLE PULAO
Item5,14,STEAMED RICE
Item5,15,TAWA ROTI
Item5,16,STEAM RICE
Item5,17,SCHEWAN  FRIED RICE
Item5,18,-
Item5,19,BURRANI RAITA (D)
Item5,20,SCHEZWAN FRIED RICE
Item5,21,MIX RAITA (D)
Item5,22,SCHEZWAN  FRIED RICE
Item5,23,KHADA MASALA PULAO
Item5,24,RAMPUR KI TEHRI
Item5,25,STEAME RICE
Item5,26,MASALA CHACH (D)
Item5,27,BOONDI RAITA (D)
Item5,28,plain RICE
Item5,29,RICE
Item5,30,MASALA RICE
Item5,31,MASALA RICE (N)
Item5,-1,-1.0
Item6,0,"BANANA,PEARS"
Item6,1,TAWA ROTI
Item6,2,"TAWA ROTI,GARLIC BREAD"
Item6,3,"BANANA,PAPAYA"
Item6,4,"BANANA,APPLE"
Item6,5,"BANANA, PEARS"
Item6,6,"BANANA, PAPAYA"
Item6,7,POORI
Item6,8,"BANANA, SHARDA"
Item6,9,"BANANA,MIX FRUITS"
Item6,10,IDLI (V)
Item6,11,"BANANA, WATERMELON"
Item6,12,"TAWA ROTI, GARLIC BREAD"
Item6,13,"BANANA, MIX FRUITS"
Item6,14,LUCCHI
Item6,15,"BANANA,PINEAPPLE"
Item6,16,MASALA POORI
Item6,17,"TAWA ROTI,"
Item6,18,"BANANA, APPLE"
Item6,19,ACHAR
Item6,20,"BANANA, PINEAPPLE"
Item6,21,"BANANA,MIX FRUIT"
Item6,22,VEGETABLE UTTAPAM (V)
Item6,23,"BANANA,ORANGE"
Item6,24,"BANANA, ORANGE"
Item6,25,"BANANA, MIX FRUIT"
Item6,26,-
Item6,27,"BANANA,GUAVA"
Item6,28,"BANANA, GUAVA"
Item6,29,AJWANI POORI
Item6,30,"BANANA,SHARDA"
Item6,31,BHATURA
Item6,32,BATURE
Item6,33,"BANANA, SHRADA"
Item6,34,METHI POORI
Item6,35,GARLIC BREAD
Item6,36,"BANANA, KINU"
Item6,37,BHATURE (D)
Item6,38,"BANANA, WATEMELON"
Item6,39,"BANANA,WATEREMELON"
Item6,40,"BANANA,WATERMELON"
Item6,41,BEETROOT POORI
Item6,42,"BANANA, MUSKMELON"
Item6,43,"BANANA,MUSKMELON"
Item6,44,BHATURE
Item6,45,"BANANA,MANGO"
Item6,46,"BANANA,PLUM"
Item6,47,"BANANA, MANGO"
Item6,-1,-1.0
Item7,0,"MILK- HOT & COLD (D), TEA (D), COFFEE (D)"
Item7,1,"ACHAR, PAPAD"
Item7,2,ACHAR
Item7,3,"ACHAR ,PAPAD"
Item7,4,COCONUT CHUTNEY (V)
Item7,5,"ACHAR,PAPAD"
Item7,6,"ACHAR, PAPAD,JAGGERY"
Item7,7,"ACHAR,JAGGERY"
Item7,8,"ACHAR,JAGERRY"
Item7,9,-
Item7,-1,-1.0
Item8,0,"PORRIDGE (D), BOURNVITA"
Item8,1,TIRAMISU (D)
Item8,2,CHOCOLATE ICE CREAM (D)
Item8,3,VANILA ICE CREAM (D)
Item8,4,COFFEE MOUSSE (D)
Item8,5,KALA JAMUN (D)
Item8,6,COCONUT LADOO (D)
Item8,7,PAYASAM (D)
Item8,8,TIRANGA BARFI (D)
Item8,9,PHIRNEE (D)
Item8,10,COCONUT LADDO (D)
Item8,11,CHOCOLATE FUDGE CAKE (D)
Item8,12,MOONG DAL HALWA (D)
Item8,13,SEWAI PAYASAM (D)
Item8,14,PAAN ICE CREAM (D)
Item8,15,ATTA LADOO (D)
Item8,16,SAHI TUKDA (D)
Item8,17,STRAWBERRY ICE CREAM (D)
Item8,18,RICE KHEER (D)
Item8,19,SOOJI HALWA
Item8,20,FRUIT CUSTARD (D)
Item8,21,SEWAI PAYSAM (D)
Item8,22,KESARI HALWA
Item8,23,PHIRNI (D)
Item8,24,VANILLA ICE CREAM (D)
Item8,25,GULAB JAMUN (D)
Item8,26,TRUFFLE PUDDING (D)
Item8,27,BALUSAHI (D)
Item8,28,BESAN LADOO (D)
Item8,29,GULAB GULKAND KI KHEER (D)
Item8,30,JALEBI (D)
Item8,31,COCONUT BURFI (D)
Item8,32,BALUSHAHI (D)
Item8,33,KESARI  HALWA (D)
Item8,34,BOONDI LADOO (D)
Item8,35,MALPUA (V)
Item8,36,SOOJI HALWA (D)
Item8,37,KHOYA BURFI (D)
Item8,38,SHAHI TUKDA (D)
Item8,39,SHEER KHURMA (D)
Item8,40,MALPUA (D)
Item8,41,ASST PASTRY (D)
Item8,42,KESARI HALWA (D)
Item8,43,LEMON SOUFFLE (D)
Item8,44,FRUIT CUSTRAD (D)
Item8,45,CHOCOLATE MOUSSE (D)
Item8,46,KULFI (D)
Item8,47,GAJAR HALWA (D)
Item8,48,GULAB JAMUN
Item8,49,KESARIYA HALWA (D)
Item8,50,ASST PASTRIES (D)
Item8,51,SHAHI TUKHA (D)
Item8,52,ICE CREAM (D)
Item8,53,GHUJIYA (D)
Item8,54,FUDGE CAKE (D)
Item8,55,BUTTERSCOTCH ICE CREAM (D)
Item8,56,PAN ICE CREAM (D)
Item8,57,ASSORTED ICE CREAM (D)
Item8,58,MANGO MOUSSE (D)
Item8,59,CHOCOLATE TRUFFLE PUDDING (D)
Item8,60,BUTTER SCOTCH ICE CREAM (D)
Item8,61,DEATH BY CHOCOLATE (D)
Item8,62,BALUSAI(D)
Item8,63,JALEBI
Item8,64,BESAN LADOO
Item8,65,CHOCOLATE ICE CREAM(D)
Item8,66,VANILLA  ICE CREAM (D)
Item8,67,KALA JAMUN(D)
Item8,68,CHOCOLATE  ICE CREAM (D)
Item8,69,STRAWBERRY ICE CREAM(D)
Item8,70,MANGO  MOUSSE (D)
Item8,-1,-1.0
